id,name,grade,parent_cells,parent_emails,organization
549,Kyla Leavey,8,"[""442-998-3823""]","[""kleavey0@ted.com""]",2
550,Coletta Crady,1,"[""338-470-3191""]","[""ccrady1@amazon.de""]",2
551,Egor Tolemache,7,"[""382-594-2285""]","[""etolemache2@narod.ru""]",2
552,Cad Dwire,1,"[""684-444-7733""]","[""cdwire3@moonfruit.com""]",2
553,Leanora Loghan,10,"[""641-669-5634""]","[""lloghan4@archive.org""]",2
554,Cindi Jemison,4,"[""715-875-7460""]","[""cjemison5@utexas.edu""]",2
555,Findley Gegg,7,"[""604-584-6408""]","[""fgegg6@google.ru""]",2
556,Brit Rabbet,9,"[""183-538-5485""]","[""brabbet7@posterous.com""]",2
557,Sile MacFayden,6,"[""663-621-4107""]","[""smacfayden8@census.gov""]",2
558,Jessie McCarty,6,"[""895-916-5821""]","[""jmccarty9@chicagotribune.com""]",2
559,Pernell Gantley,5,"[""992-866-4089""]","[""pgantleya@ibm.com""]",2
560,Stillmann Erridge,1,"[""804-489-8938""]","[""serridgeb@desdev.cn""]",2
561,Odelle Millican,7,"[""976-512-0426""]","[""omillicanc@weather.com""]",2
562,Miof mela Elloit,2,"[""939-433-4713""]","[""mmelad@google.ru""]",2
563,Bennett Kerrod,5,"[""210-190-0984""]","[""bkerrode@pinterest.com""]",2
564,Phil Nagle,1,"[""201-813-9329""]","[""pnaglef@wikimedia.org""]",2
565,Bradford Otto,10,"[""861-577-7101""]","[""bottog@zimbio.com""]",2
566,Milli Shwalbe,9,"[""246-579-0720""]","[""mshwalbeh@deviantart.com""]",2
567,Noe Ashbolt,2,"[""236-845-9152""]","[""nashbolti@marriott.com""]",2
568,Florette Boumphrey,7,"[""587-904-9970""]","[""fboumphreyj@harvard.edu""]",2
569,Kris Bettison,3,"[""546-573-7812""]","[""kbettisonk@paginegialle.it""]",2
570,Carrie Charrier,1,"[""284-235-2682""]","[""ccharrierl@china.com.cn""]",2
571,Otha Ziemens,5,"[""382-919-8200""]","[""oziemensm@google.com.hk""]",2
572,Windy Van den Velden,7,"[""624-412-4463""]","[""wvann@4shared.com""]",2
573,Delbert Darrell,4,"[""866-589-4030""]","[""ddarrello@behance.net""]",2
574,Dorothy Loosely,5,"[""639-220-1013""]","[""dlooselyp@prweb.com""]",2
575,Antin Whacket,7,"[""453-815-0585""]","[""awhacketq@adobe.com""]",2
576,Sydel Aime,2,"[""335-154-8344""]","[""saimer@state.gov""]",2
577,Dona Megahey,3,"[""563-908-0358""]","[""dmegaheys@cnn.com""]",2
578,Rowland Weitzel,7,"[""347-323-1271""]","[""rweitzelt@youtube.com""]",2
579,Tirrell Dorgan,9,"[""346-658-6361""]","[""tdorganu@vistaprint.com""]",2
580,Mickie Messager,2,"[""406-570-9005""]","[""mmessagerv@dot.gov""]",2
581,Arvie Bennison,6,"[""684-731-6081""]","[""abennisonw@tumblr.com""]",2
582,Idalina Summerskill,10,"[""599-631-9192""]","[""isummerskillx@ifeng.com""]",2
583,Barnett Heustace,6,"[""956-989-2740""]","[""bheustacey@lycos.com""]",2
584,Alia Howlett,2,"[""251-459-9001""]","[""ahowlettz@scientificamerican.com""]",2
585,Lou Bwye,5,"[""456-429-0556""]","[""lbwye10@over-blog.com""]",2
586,Onfre Lakeman,9,"[""702-615-7271""]","[""olakeman11@stanford.edu""]",2
587,Winonah Patron,5,"[""475-191-0784""]","[""wpatron12@unblog.fr""]",2
588,Baird Tulip,1,"[""398-934-8507""]","[""btulip13@upenn.edu""]",2
589,Brietta Botly,9,"[""286-293-6644""]","[""bbotly14@geocities.jp""]",2
590,Goldy Tilt,8,"[""922-358-3274""]","[""gtilt15@un.org""]",2
591,Farra Monnoyer,8,"[""668-697-8845""]","[""fmonnoyer16@github.com""]",2
592,Danila Burnapp,5,"[""260-521-0257""]","[""dburnapp17@google.ru""]",2
593,Gwenora Gilburt,9,"[""966-759-4874""]","[""ggilburt18@mail.ru""]",2
594,Artus MacCoveney,7,"[""264-280-2405""]","[""amaccoveney19@bbb.org""]",2
595,Ardene Boniface,8,"[""239-606-7251""]","[""aboniface1a@multiply.com""]",2
596,Linnet Simonot,2,"[""692-608-7295""]","[""lsimonot1b@netlog.com""]",2
597,Lissie Waind,6,"[""801-612-0816""]","[""lwaind1c@narod.ru""]",2
598,Quill Adrien,8,"[""412-647-8401""]","[""qadrien1d@harvard.edu""]",2
599,Clayborne Meggison,4,"[""181-917-9699""]","[""cmeggison1e@cpanel.net""]",2
600,Winston Foulser,3,"[""870-461-8304""]","[""wfoulser1f@ameblo.jp""]",2
601,Faunie Cordeau,1,"[""600-248-2699""]","[""fcordeau1g@mysql.com""]",2
602,Symon Bandey,8,"[""458-695-4881""]","[""sbandey1h@zimbio.com""]",2
603,Amye Dankersley,1,"[""785-219-5932""]","[""adankersley1i@i2i.jp""]",2
604,Kikelia Guyton,4,"[""350-314-7661""]","[""kguyton1j@imageshack.us""]",2
605,Berri Tolotti,6,"[""482-850-6386""]","[""btolotti1k@marketwatch.com""]",2
606,Enrica Snasel,5,"[""682-919-7332""]","[""esnasel1l@t-online.de""]",2
607,Tudor Neller,3,"[""568-654-7041""]","[""tneller1m@va.gov""]",2
608,Pet Ayliff,1,"[""148-735-0635""]","[""payliff1n@canalblog.com""]",2
609,Silvana Mundford,9,"[""962-315-1005""]","[""smundford1o@apache.org""]",2
610,Pippy Cleynman,9,"[""947-897-2938""]","[""pcleynman1p@uiuc.edu""]",2
611,Kellina Jakovijevic,9,"[""332-317-0395""]","[""kjakovijevic1q@amazon.de""]",2
612,Reube Tiffany,6,"[""291-975-7067""]","[""rtiffany1r@alibaba.com""]",2
613,Patten Lambol,7,"[""207-918-4479""]","[""plambol1s@go.com""]",2
614,Chrystal Luttgert,5,"[""113-167-1012""]","[""cluttgert1t@networksolutions.com""]",2
615,Bethina Marton,5,"[""364-901-9498""]","[""bmarton1u@lycos.com""]",2
616,Barry Bridgens,1,"[""938-710-8472""]","[""bbridgens1v@ca.gov""]",2
617,Binky Ferrario,10,"[""923-679-0751""]","[""bferrario1w@virginia.edu""]",2
618,Hana Walles,5,"[""186-562-7253""]","[""hwalles1x@sogou.com""]",2
619,Diannne Ditty,8,"[""247-878-2781""]","[""dditty1y@cam.ac.uk""]",2
620,Delmor O' Neligan,3,"[""602-958-4223""]","[""do1z@noaa.gov""]",2
621,Sibeal Nettleship,8,"[""143-652-1330""]","[""snettleship20@soundcloud.com""]",2
622,Clovis Adamsen,2,"[""818-549-5657""]","[""cadamsen21@addtoany.com""]",2
623,Sterne Reeme,2,"[""961-988-7773""]","[""sreeme22@oaic.gov.au""]",2
624,Gwyneth Mate,10,"[""345-232-5856""]","[""gmate23@so-net.ne.jp""]",2
625,Ogden Dingivan,4,"[""212-698-3153""]","[""odingivan24@tmall.com""]",2
626,Andee Gamlin,2,"[""230-931-1128""]","[""agamlin25@microsoft.com""]",2
627,Allayne Braams,7,"[""366-301-5593""]","[""abraams26@deviantart.com""]",2
628,Burke Denzey,2,"[""696-878-8535""]","[""bdenzey27@nps.gov""]",2
629,Feliza Zettoi,5,"[""700-666-7277""]","[""fzettoi28@chicagotribune.com""]",2
630,Jyoti Snelgar,3,"[""809-921-5789""]","[""jsnelgar29@pinterest.com""]",2
631,Celestyn Lafranconi,2,"[""751-182-4462""]","[""clafranconi2a@arizona.edu""]",2
632,Quinta Dance,3,"[""454-812-2953""]","[""qdance2b@plala.or.jp""]",2
633,Norrie Appleby,3,"[""495-455-5789""]","[""nappleby2c@fastcompany.com""]",2
634,Phylis Lauret,1,"[""388-162-1882""]","[""plauret2d@eventbrite.com""]",2
635,Neddy Scowcraft,3,"[""711-265-1351""]","[""nscowcraft2e@gizmodo.com""]",2
636,Mona Chesterfield,5,"[""814-884-3400""]","[""mchesterfield2f@seesaa.net""]",2
637,Margarita Wignall,10,"[""344-249-5449""]","[""mwignall2g@shop-pro.jp""]",2
638,Reider Yeaman,2,"[""458-935-5880""]","[""ryeaman2h@squidoo.com""]",2
639,Steffane Swanne,3,"[""402-821-5979""]","[""sswanne2i@illinois.edu""]",2
640,Sherwynd Overshott,7,"[""551-414-5529""]","[""sovershott2j@zimbio.com""]",2
641,Esdras Petel,5,"[""509-823-4589""]","[""epetel2k@t-online.de""]",2
642,Cyrillus Philipet,9,"[""622-206-4689""]","[""cphilipet2l@plala.or.jp""]",2
643,Kendre Wallenger,5,"[""345-153-1058""]","[""kwallenger2m@webs.com""]",2
644,Vale Lunnon,8,"[""989-685-2355""]","[""vlunnon2n@rambler.ru""]",2
645,Donnie Hendricks,1,"[""743-684-9599""]","[""dhendricks2o@goo.gl""]",2
646,Madelyn Denison,7,"[""816-807-7986""]","[""mdenison2p@geocities.jp""]",2
647,Staffard Garroway,3,"[""385-525-6287""]","[""sgarroway2q@creativecommons.org""]",2
648,Salvidor Bilbee,9,"[""824-182-4313""]","[""sbilbee2r@columbia.edu""]",2
649,Marlie Geale,7,"[""334-727-3080""]","[""mgeale2s@vistaprint.com""]",2
650,Holden Shipp,4,"[""728-170-6272""]","[""hshipp2t@newsvine.com""]",2
651,Willamina Taber,2,"[""552-301-8255""]","[""wtaber2u@edublogs.org""]",2
652,Elsinore Ainsley,9,"[""703-906-7407""]","[""eainsley2v@google.pl""]",2
653,Zachary Ortler,2,"[""231-282-3828""]","[""zortler2w@ox.ac.uk""]",2
654,Matilde Duffield,7,"[""707-167-6808""]","[""mduffield2x@gnu.org""]",2
655,Kass Flieg,9,"[""218-254-1996""]","[""kflieg2y@prlog.org""]",2
656,Tani Leaming,5,"[""616-707-6257""]","[""tleaming2z@topsy.com""]",2
657,Hadlee Duignan,9,"[""108-816-0534""]","[""hduignan30@digg.com""]",2
658,Dinny Bonifacio,4,"[""417-935-3588""]","[""dbonifacio31@dropbox.com""]",2
659,Marys Mourgue,7,"[""222-598-3931""]","[""mmourgue32@mit.edu""]",2
660,Terencio Evert,5,"[""543-985-2103""]","[""tevert33@ftc.gov""]",2
661,Hyacinth MacPaik,6,"[""924-497-0896""]","[""hmacpaik34@unc.edu""]",2
662,Hollie Schimaschke,2,"[""820-735-8896""]","[""hschimaschke35@comcast.net""]",2
663,Cesar Purver,8,"[""446-244-4030""]","[""cpurver36@moonfruit.com""]",2
664,Kati Longden,2,"[""878-175-9342""]","[""klongden37@simplemachines.org""]",2
665,Suzanna Durban,3,"[""566-838-3854""]","[""sdurban38@marriott.com""]",2
666,Halette Gisbey,1,"[""722-719-1579""]","[""hgisbey39@csmonitor.com""]",2
667,Reinaldos Esseby,4,"[""100-507-2781""]","[""resseby3a@arizona.edu""]",2
668,Thomasina Crose,9,"[""540-621-4889""]","[""tcrose3b@msu.edu""]",2
669,Blane Sweed,2,"[""252-724-3279""]","[""bsweed3c@yahoo.com""]",2
670,Elia Walker,10,"[""193-311-9627""]","[""ewalker3d@list-manage.com""]",2
671,Annabal Kanwell,7,"[""326-410-5352""]","[""akanwell3e@yale.edu""]",2
672,Roderic Ralph,3,"[""455-372-4824""]","[""rralph3f@npr.org""]",2
673,Albina Lampens,6,"[""459-818-0636""]","[""alampens3g@pbs.org""]",2
674,Sarita Bayford,4,"[""398-817-0174""]","[""sbayford3h@hubpages.com""]",2
675,Noelyn Sustins,1,"[""675-709-8650""]","[""nsustins3i@ustream.tv""]",2
676,Leone Weetch,2,"[""413-629-5493""]","[""lweetch3j@simplemachines.org""]",2
677,Enid Greenrod,1,"[""592-330-7124""]","[""egreenrod3k@slate.com""]",2
678,Ermanno Annes,8,"[""248-462-4276""]","[""eannes3l@liveinternet.ru""]",2
679,Kristi Maseyk,3,"[""492-638-2545""]","[""kmaseyk3m@jimdo.com""]",2
680,Shir Blondell,4,"[""501-869-2293""]","[""sblondell3n@ebay.co.uk""]",2
681,Lion Mc Meekin,7,"[""771-209-7638""]","[""lmc3o@mapquest.com""]",2
682,Stella O'Kinneally,5,"[""604-960-7831""]","[""sokinneally3p@wikia.com""]",2
683,Arnie Olligan,9,"[""445-222-0446""]","[""aolligan3q@wp.com""]",2
684,Dorry Pohlak,6,"[""547-210-0991""]","[""dpohlak3r@amazonaws.com""]",2
685,Nicoli Gooding,6,"[""839-330-4550""]","[""ngooding3s@msn.com""]",2
686,Lois Wesson,8,"[""672-335-9190""]","[""lwesson3t@delicious.com""]",2
687,Pegeen Comazzo,10,"[""229-224-2401""]","[""pcomazzo3u@digg.com""]",2
688,Leonid Eayres,5,"[""947-752-6581""]","[""leayres3v@etsy.com""]",2
689,Yancy Joder,10,"[""287-941-2418""]","[""yjoder3w@odnoklassniki.ru""]",2
690,Julius Sallter,7,"[""814-845-5735""]","[""jsallter3x@biglobe.ne.jp""]",2
691,Flori Snowsill,3,"[""490-949-8405""]","[""fsnowsill3y@gravatar.com""]",2
692,Rosene Woodfin,1,"[""920-361-2206""]","[""rwoodfin3z@nhs.uk""]",2
693,Christy Perchard,9,"[""275-874-4053""]","[""cperchard40@ustream.tv""]",2
694,Merissa Rochell,10,"[""705-113-7392""]","[""mrochell41@yolasite.com""]",2
695,Ryun Stilwell,9,"[""359-104-9192""]","[""rstilwell42@instagram.com""]",2
696,Aaron Soutter,8,"[""715-794-5036""]","[""asoutter43@techcrunch.com""]",2
697,Byrom Jobke,10,"[""583-308-6239""]","[""bjobke44@sun.com""]",2
698,Laurel Davidge,9,"[""669-686-6538""]","[""ldavidge45@friendfeed.com""]",2
699,Rich Askey,1,"[""356-749-8530""]","[""raskey46@google.co.uk""]",2
700,Dannel Reading,6,"[""749-951-7004""]","[""dreading47@xing.com""]",2
701,Leeann Ivanikov,3,"[""174-614-5181""]","[""livanikov48@e-recht24.de""]",2
702,Brittaney Bracknall,1,"[""166-636-5366""]","[""bbracknall49@diigo.com""]",2
703,Lucio Jandourek,3,"[""280-500-3939""]","[""ljandourek4a@cdbaby.com""]",2
704,Gunilla Du Hamel,10,"[""646-881-0177""]","[""gdu4b@princeton.edu""]",2
705,Eleanor Tregona,5,"[""642-407-7085""]","[""etregona4c@ted.com""]",2
706,Jessie Ferronet,1,"[""817-343-6250""]","[""jferronet4d@cocolog-nifty.com""]",2
707,Allyn Piner,9,"[""902-423-8326""]","[""apiner4e@ustream.tv""]",2
708,Jenica Mecco,5,"[""620-345-6575""]","[""jmecco4f@taobao.com""]",2
709,Tiphani Rubbens,6,"[""637-916-8372""]","[""trubbens4g@ask.com""]",2
710,Jessey Bickerton,7,"[""688-548-2609""]","[""jbickerton4h@cnn.com""]",2
711,Clare Backshill,5,"[""761-314-3981""]","[""cbackshill4i@tamu.edu""]",2
712,Kaitlin Grissett,5,"[""577-586-7962""]","[""kgrissett4j@theglobeandmail.com""]",2
713,Urban Rizzardi,10,"[""323-772-3832""]","[""urizzardi4k@guardian.co.uk""]",2
714,William Nice,2,"[""813-456-5481""]","[""wnice4l@sitemeter.com""]",2
715,Jacques Tombling,4,"[""671-807-1632""]","[""jtombling4m@flavors.me""]",2
716,Neville Tender,2,"[""245-946-2195""]","[""ntender4n@economist.com""]",2
717,Hugo Raddon,3,"[""336-822-7486""]","[""hraddon4o@nih.gov""]",2
718,Shoshana Pleaden,5,"[""150-572-1817""]","[""spleaden4p@surveymonkey.com""]",2
719,Netti Smorfit,2,"[""130-885-1381""]","[""nsmorfit4q@artisteer.com""]",2
720,Salli Atger,9,"[""823-998-6370""]","[""satger4r@printfriendly.com""]",2
721,Melanie Dargavel,7,"[""798-844-7422""]","[""mdargavel4s@friendfeed.com""]",2
722,Gerrie Allcroft,4,"[""420-116-5933""]","[""gallcroft4t@dropbox.com""]",2
723,Allie Dracksford,1,"[""364-378-4584""]","[""adracksford4u@oakley.com""]",2
724,Evy Jacobssen,5,"[""975-527-6043""]","[""ejacobssen4v@comsenz.com""]",2
725,Harri Higgonet,4,"[""572-825-0703""]","[""hhiggonet4w@pagesperso-orange.fr""]",2
726,Delores Byrom,3,"[""539-527-7494""]","[""dbyrom4x@craigslist.org""]",2
727,Rafaela Chasle,2,"[""294-209-5915""]","[""rchasle4y@lulu.com""]",2
728,Sigismond Toller,9,"[""773-860-2828""]","[""stoller4z@nasa.gov""]",2
729,Rikki Bolstridge,4,"[""601-555-8713""]","[""rbolstridge50@washington.edu""]",2
730,Marcy Corsor,1,"[""811-886-1215""]","[""mcorsor51@mediafire.com""]",2
731,Noam Riste,8,"[""385-851-1545""]","[""nriste52@redcross.org""]",2
732,Eustacia Cristofaro,10,"[""658-749-0107""]","[""ecristofaro53@ustream.tv""]",2
733,Dyanne Pescott,8,"[""889-344-0804""]","[""dpescott54@gizmodo.com""]",2
734,Tobias Jervois,5,"[""745-341-9863""]","[""tjervois55@slate.com""]",2
735,Rowena Wildor,4,"[""848-136-7348""]","[""rwildor56@hao123.com""]",2
736,Myrtia Shadfourth,10,"[""318-470-5823""]","[""mshadfourth57@jalbum.net""]",2
737,Kaitlyn Yakovitch,3,"[""766-905-2702""]","[""kyakovitch58@virginia.edu""]",2
738,Gary Wilmot,1,"[""266-616-2781""]","[""gwilmot59@imageshack.us""]",2
739,Vito Cavee,7,"[""122-305-6415""]","[""vcavee5a@ucsd.edu""]",2
740,Meryl Stiller,9,"[""828-244-6720""]","[""mstiller5b@freewebs.com""]",2
741,Ardene Mandel,5,"[""596-471-4387""]","[""amandel5c@oakley.com""]",2
742,Bram Pinsent,3,"[""379-447-8401""]","[""bpinsent5d@scientificamerican.com""]",2
743,Lenard Da Costa,3,"[""480-984-9719""]","[""lda5e@craigslist.org""]",2
744,Katie Karpf,10,"[""425-690-1859""]","[""kkarpf5f@cnbc.com""]",2
745,Lemar Twydell,1,"[""595-211-0989""]","[""ltwydell5g@alexa.com""]",2
746,Clayson Sydenham,3,"[""137-781-5184""]","[""csydenham5h@ask.com""]",2
747,Crin Atkins,6,"[""996-191-5079""]","[""catkins5i@imageshack.us""]",2
748,Darelle Freeland,7,"[""781-234-7788""]","[""dfreeland5j@hibu.com""]",2
749,Ludovika Jeens,10,"[""424-481-2846""]","[""ljeens5k@mediafire.com""]",2
750,Allayne Derl,3,"[""620-521-0608""]","[""aderl5l@narod.ru""]",2
751,Celesta Torrese,5,"[""954-893-7833""]","[""ctorrese5m@alexa.com""]",2
752,Cosimo Mccaull,6,"[""489-766-4705""]","[""cmccaull5n@nsw.gov.au""]",2
753,Dot Congreve,6,"[""600-322-7418""]","[""dcongreve5o@edublogs.org""]",2
754,Eloise Kiebes,7,"[""517-193-1103""]","[""ekiebes5p@ebay.com""]",2
755,Brantley Calyton,8,"[""243-145-1299""]","[""bcalyton5q@ycombinator.com""]",2
756,Bendick Hackett,2,"[""403-495-8760""]","[""bhackett5r@cmu.edu""]",2
757,Ailbert Enns,3,"[""996-653-6541""]","[""aenns5s@infoseek.co.jp""]",2
758,Gare Patullo,2,"[""989-315-7824""]","[""gpatullo5t@sogou.com""]",2
759,Sarah Eiler,6,"[""193-760-4663""]","[""seiler5u@studiopress.com""]",2
760,La verne McVicker,4,"[""843-314-6865""]","[""lverne5v@weather.com""]",2
761,Gabriel Gilli,6,"[""114-947-7651""]","[""ggilli5w@auda.org.au""]",2
762,Tamiko Sephton,8,"[""528-759-4892""]","[""tsephton5x@facebook.com""]",2
763,Theodosia Kirimaa,10,"[""740-787-5678""]","[""tkirimaa5y@wiley.com""]",2
764,Marve Antoniat,6,"[""624-655-6470""]","[""mantoniat5z@guardian.co.uk""]",2
765,Pietrek Pimlott,5,"[""353-748-3841""]","[""ppimlott60@google.nl""]",2
766,Carlin Greim,1,"[""289-362-2563""]","[""cgreim61@weibo.com""]",2
767,Loree Alishoner,6,"[""256-255-6012""]","[""lalishoner62@booking.com""]",2
768,Glenna Fairhead,6,"[""160-756-1601""]","[""gfairhead63@illinois.edu""]",2
769,Ferdy de Courcy,9,"[""358-317-0599""]","[""fde64@deliciousdays.com""]",2
770,Gwenny Segrott,4,"[""783-151-7236""]","[""gsegrott65@newyorker.com""]",2
771,Greg Borell,9,"[""322-888-8205""]","[""gborell66@amazon.de""]",2
772,Orion Reyson,2,"[""201-744-5670""]","[""oreyson67@dailymotion.com""]",2
773,Brien Macey,5,"[""714-926-1530""]","[""bmacey68@walmart.com""]",2
774,Emelia Devey,6,"[""133-449-6710""]","[""edevey69@over-blog.com""]",2
775,Gabe Conre,5,"[""160-453-9767""]","[""gconre6a@ihg.com""]",2
776,Alfreda Josefer,10,"[""780-949-7135""]","[""ajosefer6b@delicious.com""]",2
777,Haven Temple,2,"[""335-704-8648""]","[""htemple6c@sohu.com""]",2
778,Dynah Crosse,4,"[""694-736-4912""]","[""dcrosse6d@printfriendly.com""]",2
779,Cyndi Swinerd,10,"[""676-415-1857""]","[""cswinerd6e@discuz.net""]",2
780,Porter Holtham,5,"[""700-291-8777""]","[""pholtham6f@va.gov""]",2
781,Rozelle Ghilks,10,"[""717-939-9388""]","[""rghilks6g@typepad.com""]",2
782,Olia Kemet,3,"[""707-980-5306""]","[""okemet6h@1und1.de""]",2
783,Barri MacGinley,1,"[""282-787-5894""]","[""bmacginley6i@youtu.be""]",2
784,Corilla Salazar,4,"[""657-721-4532""]","[""csalazar6j@si.edu""]",2
785,Jenine Edgett,1,"[""212-791-2616""]","[""jedgett6k@cnet.com""]",2
786,Roosevelt Toon,2,"[""263-304-8338""]","[""rtoon6l@theglobeandmail.com""]",2
787,Elias Defew,10,"[""898-197-4633""]","[""edefew6m@whitehouse.gov""]",2
788,Phebe Reymers,5,"[""202-534-8812""]","[""preymers6n@ustream.tv""]",2
789,Caro Wardrope,2,"[""366-871-0039""]","[""cwardrope6o@slashdot.org""]",2
790,Sonny Don,10,"[""709-658-9122""]","[""sdon6p@sohu.com""]",2
791,Theobald Gibke,8,"[""496-678-8426""]","[""tgibke6q@github.com""]",2
792,Colly Gayther,9,"[""613-108-5367""]","[""cgayther6r@skyrock.com""]",2
793,Ofella Demchen,1,"[""775-557-0511""]","[""odemchen6s@zdnet.com""]",2
794,Tomasine Dupoy,1,"[""624-138-6777""]","[""tdupoy6t@so-net.ne.jp""]",2
795,Margette Kipping,6,"[""234-140-2008""]","[""mkipping6u@symantec.com""]",2
796,Karin Pomroy,9,"[""399-309-1990""]","[""kpomroy6v@patch.com""]",2
797,Car Foldes,4,"[""516-716-5812""]","[""cfoldes6w@google.pl""]",2
798,Fiona Botten,6,"[""343-370-1503""]","[""fbotten6x@prnewswire.com""]",2
799,Leelah Errigo,5,"[""389-902-3965""]","[""lerrigo6y@house.gov""]",2
800,Kenn Tomblin,6,"[""906-622-9966""]","[""ktomblin6z@livejournal.com""]",2
801,Candace Pedreschi,7,"[""519-177-8018""]","[""cpedreschi70@meetup.com""]",2
802,Tabbie Hug,5,"[""865-180-9506""]","[""thug71@bloglovin.com""]",2
803,Flor Gumby,8,"[""297-574-5565""]","[""fgumby72@51.la""]",2
804,Clarissa Josse,10,"[""697-660-8620""]","[""cjosse73@adobe.com""]",2
805,Georgina Doak,8,"[""647-116-2223""]","[""gdoak74@usda.gov""]",2
806,Adrian Yuryshev,6,"[""213-475-6930""]","[""ayuryshev75@mapy.cz""]",2
807,Ewell Ingry,9,"[""816-625-6901""]","[""eingry76@examiner.com""]",2
808,Kirsten Gertray,3,"[""329-483-7079""]","[""kgertray77@webmd.com""]",2
809,Oberon Siburn,10,"[""792-859-3862""]","[""osiburn78@nature.com""]",2
810,Madelena Purveys,8,"[""790-533-1286""]","[""mpurveys79@exblog.jp""]",2
811,Nowell Snoad,9,"[""227-561-1733""]","[""nsnoad7a@yandex.ru""]",2
812,Kelila Schroder,10,"[""625-148-9749""]","[""kschroder7b@last.fm""]",2
813,Feodor Klaassens,3,"[""668-709-1495""]","[""fklaassens7c@opensource.org""]",2
814,Ileana Hardaker,7,"[""917-774-2436""]","[""ihardaker7d@xing.com""]",2
815,Judye Stroulger,7,"[""681-824-1745""]","[""jstroulger7e@jigsy.com""]",2
816,Yardley Cavnor,1,"[""168-980-5786""]","[""ycavnor7f@dell.com""]",2
817,Ali Croom,5,"[""700-617-2931""]","[""acroom7g@jalbum.net""]",2
818,Dorena Savell,5,"[""731-817-1308""]","[""dsavell7h@istockphoto.com""]",2
819,Anita Gerrish,4,"[""748-924-7091""]","[""agerrish7i@tripadvisor.com""]",2
820,Hadleigh Papa,4,"[""163-208-4177""]","[""hpapa7j@hubpages.com""]",2
821,Evelyn Veitch,9,"[""484-984-1498""]","[""eveitch7k@state.gov""]",2
822,Clarance Shewsmith,6,"[""640-431-5324""]","[""cshewsmith7l@creativecommons.org""]",2
823,Torey Steer,1,"[""586-293-1788""]","[""tsteer7m@netscape.com""]",2
824,Aubrette Wilkie,8,"[""708-306-9848""]","[""awilkie7n@marriott.com""]",2
825,Balduin Donne,2,"[""936-644-3315""]","[""bdonne7o@nifty.com""]",2
826,Hilda Cardno,10,"[""974-375-3755""]","[""hcardno7p@google.ca""]",2
827,Winston Ropkes,1,"[""276-278-6806""]","[""wropkes7q@shinystat.com""]",2
828,Leona Dyter,1,"[""996-985-8965""]","[""ldyter7r@webmd.com""]",2
829,Nikola Dufour,2,"[""304-645-4828""]","[""ndufour7s@digg.com""]",2
830,Ambrosi Kupker,7,"[""906-229-6401""]","[""akupker7t@hexun.com""]",2
831,Emelen Condliffe,8,"[""709-906-5108""]","[""econdliffe7u@google.com""]",2
832,Davidson ducarme,5,"[""896-256-1980""]","[""dducarme7v@umich.edu""]",2
833,Gabey Antao,9,"[""142-956-6901""]","[""gantao7w@cloudflare.com""]",2
834,Horton Chadwen,3,"[""875-611-7777""]","[""hchadwen7x@java.com""]",2
835,Alvan Allitt,5,"[""384-898-1895""]","[""aallitt7y@marketwatch.com""]",2
836,Angelina Clemmett,4,"[""590-479-8590""]","[""aclemmett7z@columbia.edu""]",2
837,Brook Hallatt,5,"[""952-660-7618""]","[""bhallatt80@virginia.edu""]",2
838,Antonia Bischof,7,"[""269-719-2709""]","[""abischof81@prweb.com""]",2
839,Fern Matzeitis,6,"[""337-860-9532""]","[""fmatzeitis82@google.de""]",2
840,Mitch Celler,8,"[""144-791-4708""]","[""mceller83@nba.com""]",2
841,Kailey Bernardino,9,"[""972-200-0930""]","[""kbernardino84@squarespace.com""]",2
842,Lindy Blare,2,"[""221-887-5553""]","[""lblare85@ehow.com""]",2
843,Lorenzo Hains,6,"[""201-732-5453""]","[""lhains86@sbwire.com""]",2
844,Kellen Kleinzweig,6,"[""814-316-2508""]","[""kkleinzweig87@opera.com""]",2
845,Gaven Halvosen,9,"[""302-668-0532""]","[""ghalvosen88@cdc.gov""]",2
846,Pacorro Esland,2,"[""245-570-3579""]","[""pesland89@deliciousdays.com""]",2
847,Godfree Hush,5,"[""813-683-8729""]","[""ghush8a@github.com""]",2
848,Stella Danelutti,10,"[""966-876-7207""]","[""sdanelutti8b@printfriendly.com""]",2